Identifiant;Identifiant;Nom;Nom complet;Thème;Catégorie;Type;Adresse;Commune;Code postal;Téléphone;Site Web;Accès PMR;Informations accès mobilité réduite;URL;Géométrie
201;1450;Bout des Pavés;Bibliothèque-Ludothèque Bout des Pavés;Culture;Médiathèque;Bibliothèque;14 Rue de la Coulée;Nantes;44300;;;Non;;;"{""coordinates"": [-1.5764985463551948, 47.2600650230503], ""type"": ""Point""}"
227;1453;Ludo-bibliothèque Ricochet;Ludo-bibliothèque Ricochet;Culture;Médiathèque;Bibliothèque;7 Rue de Pornichet;Nantes;44300;02 40 49 21 81;;Non;;;"{""coordinates"": [-1.5414090329606391, 47.24133859698608], ""type"": ""Point""}"
333;946;Ludothèque Planète Jouets;Ludothèque Planète Jouets Bottière;Culture;Médiathèque;Ludothèque;15 Rue de la Souillarderie;Nantes;44300;02 40 49 63 12;;Non;;https://metropole.nantes.fr/infonantes/equipement/E946;"{""coordinates"": [-1.5174902600771856, 47.23986178736398], ""type"": ""Point""}"
358;5544;Le Kiosque du Loiry;Le Kiosque du Loiry;Culture;Salle de spectacle;;Boulevard Guichet Sérex;Vertou;44120;;;Non;;;"{""coordinates"": [-1.4772834368220276, 47.16246863620762], ""type"": ""Point""}"
508;12;Bibliothèque Chantenay;Bibliothèque Chantenay;Culture;Médiathèque;Bibliothèque;8 Rue de la Constitution;Nantes;44100;02 40 46 26 96;http://bm.nantes.fr;Non;;https://metropole.nantes.fr/infonantes/equipement/E12;"{""coordinates"": [-1.589794572220037, 47.206496353767534], ""type"": ""Point""}"
637;4969;Le Chronographe;Le Chronographe;Culture;Musée, Château;Musée;21 Rue Saint Lupien;Rezé;44400;02 52 10 83 20;http://lechronographe.nantesmetropole.fr/;Oui;Ascenseur, rampe d'accès, boucle magnétique;https://metropole.nantes.fr/infonantes/equipement/E4969;"{""coordinates"": [-1.5647979422107725, 47.19186507310084], ""type"": ""Point""}"
645;759;Cinéma Concorde;Cinéma Concorde;Culture;Cinéma;;79 Boulevard de l'Egalité;Nantes;44100;02 40 46 25 29;http://www.leconcorde.fr/;Oui;;https://metropole.nantes.fr/infonantes/equipement/E759;"{""coordinates"": [-1.5868049830032274, 47.21118309268118], ""type"": ""Point""}"
690;2640;La Chantrerie;Château de La Chantrerie;Culture;Monument;;95 Route de Gachet;Nantes;44300;;;Non;;https://metropole.nantes.fr/infonantes/equipement/E2640;"{""coordinates"": [-1.5260410307996926, 47.28754797966151], ""type"": ""Point""}"
942;141;Théâtre Graslin;Théâtre Graslin;Culture;Salle de spectacle;;1T Place Graslin;Nantes;44000;;;Non;;https://metropole.nantes.fr/infonantes/equipement/E141;"{""coordinates"": [-1.5622207883380603, 47.213438325784786], ""type"": ""Point""}"
954;1121;Musée d'Histoire;Musée d'Histoire de Nantes - Château des Ducs de Bretagne;Culture;Musée, Château;Musée;4 Place Marc Elder;Nantes;44000;08 11 46 46 44;http://www.chateaunantes.fr;Oui;;https://metropole.nantes.fr/infonantes/equipement/E1121;"{""coordinates"": [-1.5500105174619785, 47.21605636497681], ""type"": ""Point""}"
1066;4090;Compagnie du Café Théâtre;La Compagnie du Café Théâtre;Culture;Salle de spectacle;;6 Rue des Carmélites;Nantes;44000;02 40 89 65 01;http://www.nantes-spectacles.com;Non;;https://metropole.nantes.fr/infonantes/equipement/E4090;"{""coordinates"": [-1.551371461069519, 47.21652980082924], ""type"": ""Point""}"
1315;2266;Bibliothèque Sonore;Bibliothèque Sonore;Culture;Médiathèque;Bibliothèque;24 Quai de la Fosse;Nantes;44000;02 40 73 48 44;https://lesbibliothequessonores.org/;Non;;https://metropole.nantes.fr/infonantes/equipement/E2266;"{""coordinates"": [-1.5622360228557208, 47.211286701718045], ""type"": ""Point""}"
1352;2091;Cinéma Le Beaulieu;Cinéma Le Beaulieu;Culture;Cinéma;;26 Rue de Beaulieu;Bouguenais;44340;02 40 26 96 66;http://www.cinemalebeaulieu.com/;Oui;;https://metropole.nantes.fr/infonantes/equipement/E2091;"{""coordinates"": [-1.6252055164779045, 47.178420857424655], ""type"": ""Point""}"
1413;767;TU Nantes;Théâtre Universitaire Nantes;Culture;Salle de spectacle;;11 Chemin de la Censive du Tertre;Nantes;44300;02 53 52 23 80;http://www.tunantes.fr;Oui;;https://metropole.nantes.fr/infonantes/equipement/E767;"{""coordinates"": [-1.5535093623887337, 47.245624999728776], ""type"": ""Point""}"
1523;1413;Château de Procé;Château de Procé;Culture;Monument;;44 Rue des Dervallières;Nantes;44000;;http://www.jardins.nantes.fr;Non;;https://metropole.nantes.fr/infonantes/equipement/E1413;"{""coordinates"": [-1.5809131378785746, 47.22323889663971], ""type"": ""Point""}"
1718;941;Ludothèque Boissière;Ludothèque Boissière;Culture;Médiathèque;Ludothèque;9B Rue Jean De La Bruyère;Nantes;44300;02 40 76 96 85;https://www.accoord.fr//nc_centre/csc-boissiere/;Non;;https://metropole.nantes.fr/infonantes/equipement/E941;"{""coordinates"": [-1.5672404929449173, 47.25438829558232], ""type"": ""Point""}"
1766;4097;Théâtre Beaulieu;Théâtre Beaulieu;Culture;Salle de spectacle;;9 Boulevard Vincent Gâche;Nantes;44200;02 49 10 63 10;http://www.theatrebeaulieu.fr;Non;;https://metropole.nantes.fr/infonantes/equipement/E4097;"{""coordinates"": [-1.542794760187219, 47.20613854738074], ""type"": ""Point""}"
2096;4149;Médiathèque Lisa-Bresner;Médiathèque Lisa-Bresner;Culture;Médiathèque;Médiathèque;23 Boulevard Emile Romanet;Nantes;44100;02 40 41 54 00;http://bm.nantes.fr;Oui;;https://metropole.nantes.fr/infonantes/equipement/E4149;"{""coordinates"": [-1.6031421285320195, 47.209755631204615], ""type"": ""Point""}"
2286;4581;Mémorial;Mémorial de l'Abolition de l'Esclavage;Culture;Musée, Château;Musée;Quai de la Fosse;Nantes;44000;08 11 46 46 44;http://memorial.nantes.fr;Non;;https://metropole.nantes.fr/infonantes/equipement/E4581;"{""coordinates"": [-1.5645851918699036, 47.209459246984], ""type"": ""Point""}"
2378;1911;Cinéma Pathé Atlantis;Cinéma Pathé Atlantis;Culture;Cinéma;;Allée la Pérouse;Saint-Herblain;44800;08 92 69 66 96;http://www.cinemasgaumontpathe.com;Oui;;https://metropole.nantes.fr/infonantes/equipement/E1911;"{""coordinates"": [-1.6288229904430533, 47.22242632876683], ""type"": ""Point""}"
2525;2593;Manoir La Bégraissière;Manoir de La Bégraisière;Culture;Musée, Château;Château;Rue François Rabelais;Saint-Herblain;44800;;https://www.saint-herblain.fr/La-Ville/Decouvrir-la-ville/Histoire-de-Saint-Herblain2/Le-patrimoine-naturel/Le-domaine-de-la-Begraisiere;Non;;https://metropole.nantes.fr/infonantes/equipement/E2593;"{""coordinates"": [-1.6147230947639917, 47.231824908211834], ""type"": ""Point""}"
2596;2637;Tour Anc. Usine LU;Tour de l'Ancienne Usine Lu;Culture;Monument;;Quai Malakoff;Nantes;44000;;https://www.lelieuunique.com/le-lieu-unique/la-tour-lu/;Non;;https://metropole.nantes.fr/infonantes/equipement/E2637;"{""coordinates"": [-1.5461955313631899, 47.21544700892362], ""type"": ""Point""}"
2641;2390;Lavoir;Lavoir Orvault;Culture;Monument;;Chemin du Lavoir;Orvault;44700;02 51 78 31 01;https://www.orvault.fr/annuaires/annuaire-touristique/lavoir-du-bourg;Non;;;"{""coordinates"": [-1.622086516840051, 47.2721604511696], ""type"": ""Point""}"
2732;1544;M. de la Marionnette;Maison de la Marionnette Nantes;Culture;Salle de spectacle;;Boulevard Général de Gaulle;Nantes;44200;02 40 48 70 19;http://www.maison-marionnette-nantes.com;Non;;;"{""coordinates"": [-1.5366995944812059, 47.20455463383169], ""type"": ""Point""}"
2954;4964;Auditorium;Auditorium;Culture;Salle de spectacle;;Avenue de Bretagne;Rezé;44400;02 51 70 78 00;http://www.lasoufflerie.org;Oui;Places réservées pour fauteuils roulants dans la salle - Places de parking PMR.;https://metropole.nantes.fr/infonantes/equipement/E4964;"{""coordinates"": [-1.5548792386635388, 47.185594673552266], ""type"": ""Point""}"
3004;2092;Piano'cktail;Piano'cktail;Culture;Salle de spectacle;;Rue Ginsheim Gustavsburg;Bouguenais;44340;02 40 65 05 25;http://www.pianocktail-bouguenais.fr/;Oui;;https://metropole.nantes.fr/infonantes/equipement/E2092;"{""coordinates"": [-1.6067185515338556, 47.17390797964808], ""type"": ""Point""}"
3141;4235;Château du Pé;Le château du Pé;Culture;Monument;;Rue de l'Egalité;Saint-Jean-de-Boiseau;44640;;http://www.saint-jean-de-boiseau.fr;Non;Sur les 6 chambres, seule celle du rez-de-chaussée est accessible aux PMR.;https://metropole.nantes.fr/infonantes/equipement/E4235;"{""coordinates"": [-1.7214121947545546, 47.198839401094645], ""type"": ""Point""}"
3334;1448;Bibliothèque Clos Toreau;Bibliothèque Espace Vittoria Clos Toreau;Culture;Médiathèque;Bibliothèque;Place du Pays Basque;Nantes;44200;;;Non;;;"{""coordinates"": [-1.5282554536450745, 47.194542727974074], ""type"": ""Point""}"
3369;4844;Espace d'expo;Espace d'exposition les Renaudières;Culture;Salle d'exposition;;Allée des Renaudières;Carquefou;44470;02 28 22 24 40;;Non;;https://metropole.nantes.fr/infonantes/equipement/E4844;"{""coordinates"": [-1.5132338655797364, 47.30015205066973], ""type"": ""Point""}"
3407;3030;Ludothèque R. Goscinny;Ludothèque René Goscinny;Culture;Médiathèque;Ludothèque;Esplanade Pierre Brasselet;Sainte-Luce-sur-Loire;44980;02 40 68 16 54;http://mediatheque.sainte-luce-loire.com;Oui;;https://metropole.nantes.fr/infonantes/equipement/E3030;"{""coordinates"": [-1.4820646093476635, 47.248164111852965], ""type"": ""Point""}"
3483;5335;Tour de Bretagne;Tour de Bretagne;Culture;Monument;;Place de Bretagne;Nantes;44000;;https://metropole.nantes.fr/actualites/2020/culture-loisirs-patrimoine/tour-bretagne-fermeture;Non;;https://metropole.nantes.fr/infonantes/equipement/E5335;"{""coordinates"": [-1.558167591356814, 47.217582918484375], ""type"": ""Point""}"
3543;3404;E. de Musique;Ecole Boscéenne de Musique et de Danse;Culture;Ecole Culturelle;;Rue du Stade;Bouaye;44830;02 51 70 52 70;https://ebmd.webnode.fr/;Non;;;"{""coordinates"": [-1.6963011494026592, 47.14876201509106], ""type"": ""Point""}"
3549;5361;Centre Culturel Franco-Italien;Centre Culturel Franco-Italien (CCFI);Culture;Salle de spectacle;;90 Boulevard de la Prairie au Duc;Nantes;44200;02 40 35 83 20;http://www.centreculturelfrancoitalien.org/;Non;;;"{""coordinates"": [-1.5683962709996977, 47.20402696611124], ""type"": ""Point""}"
3600;3069;Bibliothèque;Bibliothèque pour Tous;Culture;Médiathèque;Bibliothèque;96 Boulevard Robert Schuman;Nantes;44300;02 40 76 80 90;;Non;;;"{""coordinates"": [-1.570134890664862, 47.238348244442875], ""type"": ""Point""}"
3643;5595;Salle de la Cour carrée;Salle de la Cour carrée - Espace de la Tour à Plomb (ETAP);Culture;Salle d'exposition;;93 Quai Jean-Pierre Fougerat;Couëron;44220;;;Non;;;"{""coordinates"": [-1.720691975322975, 47.209188985646726], ""type"": ""Point""}"
1055;1332;Studio Théâtre;Studio Théâtre;Culture;Salle de spectacle;;5 Rue du Ballet;Nantes;44000;02 51 86 13 06;https://www.nouveaustudiotheatre.com/;Non;;https://metropole.nantes.fr/infonantes/equipement/E1332;"{""coordinates"": [-1.5579272609239105, 47.231061194662026], ""type"": ""Point""}"
1067;1245;Cinéma Le Cinématographe;Cinéma Le Cinématographe;Culture;Cinéma;;12B Rue des Carmélites;Nantes;44000;02 40 47 94 80;https://www.lecinematographe.com/;Non;;https://metropole.nantes.fr/infonantes/equipement/E1245;"{""coordinates"": [-1.5514713443314916, 47.21690750914752], ""type"": ""Point""}"
1301;2746;Médiathèque;Médiathèque Jardin des Livres;Culture;Médiathèque;Médiathèque;6 Rue de Nantes;Saint-Léger-les-Vignes;44710;;https://mediatheque.mairie-saintlegerlesvignes.fr/;Oui;;https://metropole.nantes.fr/infonantes/equipement/E2746;"{""coordinates"": [-1.7302720271242737, 47.135964049678996], ""type"": ""Point""}"
1314;133;Musée de l'Imprimerie;Musée de l'Imprimerie;Culture;Musée, Château;Musée;24 Quai de la Fosse;Nantes;44000;02 40 73 26 55;http://musee-imprimerie.com;Non;;https://metropole.nantes.fr/infonantes/equipement/E133;"{""coordinates"": [-1.5621463521924168, 47.21093576513089], ""type"": ""Point""}"
1429;5116;Grae d'Anjou;Gare d'Anjou;Culture;Salle d'exposition;;5 Rue Jean Macé;Saint-Sébastien-sur-Loire;44230;;;Non;;https://metropole.nantes.fr/infonantes/equipement/E5116;"{""coordinates"": [-1.505641520079805, 47.20593191508319], ""type"": ""Point""}"
1506;3480;Espace Cult. Chai Gallais;Espace Culturel Chai Gallais;Culture;Salle de spectacle;;2 Rue de la Haute Galerie;Saint-Léger-les-Vignes;44710;02 40 04 88 81;;Non;;https://metropole.nantes.fr/infonantes/equipement/E3480;"{""coordinates"": [-1.7213183831085286, 47.136676898508], ""type"": ""Point""}"
2072;2550;Salle culturelle Le Vallon;Salle culturelle Le Vallon;Culture;Salle de spectacle;;1 Avenue de Bretagne;Mauves-sur-Loire;44470;02 40 25 59 38;;Oui;;https://metropole.nantes.fr/infonantes/equipement/E2550;"{""coordinates"": [-1.396266727258551, 47.299389386160364], ""type"": ""Point""}"
2111;3086;Salle Pré Poulain;Salle du Pré Poulain;Culture;Salle de spectacle;;111 Rue de Beaulieu;Thouaré-sur-Loire;44470;02 40 68 09 70;http://www.thouare.fr/;Non;;https://metropole.nantes.fr/infonantes/equipement/E3086;"{""coordinates"": [-1.446089840402871, 47.27286816345778], ""type"": ""Point""}"
2152;1446;C.I.D.;Centre Interculturel de Documentation;Culture;Médiathèque;Bibliothèque;2B Boulevard Léon Bureau;Nantes;44200;02 40 47 88 36;;Non;;https://metropole.nantes.fr/infonantes/equipement/E1446;"{""coordinates"": [-1.5653370537144577, 47.2059712758241], ""type"": ""Point""}"
2288;1120;Musée Maillé Brézé;Musée Naval Maillé Brézé;Culture;Musée, Château;Musée;Quai de la Fosse;Nantes;44100;;http://www.maillebreze.com;Non;;https://metropole.nantes.fr/infonantes/equipement/E1120;"{""coordinates"": [-1.5711452092204774, 47.20712083847305], ""type"": ""Point""}"
2377;2384;Ecluse de la Martinière;Ecluse de la Martinière;Culture;Monument;;Allée de l'Ecluse;Le Pellerin;44640;02 40 04 65 21;http://www.ville-lepellerin.fr/18---le-canal-de-la-martiniere,-le-pont-ecluse,-les-sabordages-dans-le-sas-et-dans-la-machinerie;Non;;https://metropole.nantes.fr/infonantes/equipement/E2384;"{""coordinates"": [-1.78563401246337, 47.20757114819711], ""type"": ""Point""}"
2524;3229;Médiathèque Gautier-Hermeland;Médiathèque Charles Gautier-Hermeland;Culture;Médiathèque;Médiathèque;Rue François Rabelais;Saint-Herblain;44800;02 28 25 25 25;http://www.la-bibliotheque.com;Oui;;https://metropole.nantes.fr/infonantes/equipement/E3229;"{""coordinates"": [-1.6164229892333772, 47.23103562211845], ""type"": ""Point""}"
2897;3303;Centre B. Marcet;Centre Baptiste Marcet;Culture;Salle de spectacle;;Rue Célestin Freinet;Bouguenais;44340;;;Non;;;"{""coordinates"": [-1.588395735497414, 47.18133165494616], ""type"": ""Point""}"
3086;3266;Théâtre Municipal de Rezé;Théâtre Municipal de Rezé;Culture;Salle de spectacle;;Rue Guy Le Lan;Rezé;44400;02 51 70 78 27;;Oui;Places réservées pour fauteuils roulants dans la salle - Places de parking réservées à proximité;https://metropole.nantes.fr/infonantes/equipement/E3266;"{""coordinates"": [-1.545330470632403, 47.18660583956226], ""type"": ""Point""}"
3164;4459;Château de la Seilleraye;Château de la Seilleraye;Culture;Musée, Château;Château;Chemin de Gaubert;Carquefou;44470;;;Non;;;"{""coordinates"": [-1.4205276023482611, 47.299525346863334], ""type"": ""Point""}"
3239;4597;Le Carrousel;Le Carrousel des Mondes Marins - Les Machines de l'Ile;Culture;Monument;;Boulevard Léon Bureau;Nantes;44200;;https://www.lesmachines-nantes.fr/decouvrir/le-carrousel-des-mondes-marins/;Oui;;https://metropole.nantes.fr/infonantes/equipement/E4597;"{""coordinates"": [-1.567781978332998, 47.205899731260175], ""type"": ""Point""}"
3338;3160;Capellia;Espace Culturel Capellia;Culture;Salle de spectacle;;Chemin de Roche Blanche;La Chapelle-sur-Erdre;44240;02 40 72 09 01;http://www.capellia.fr;Oui;;https://metropole.nantes.fr/infonantes/equipement/E3160;"{""coordinates"": [-1.5579643099490432, 47.27925959306492], ""type"": ""Point""}"
3371;3349;E. de Musique;Ecole de Musique muncipale;Culture;Ecole Culturelle;;Allée des Renaudières;Carquefou;44470;02 28 22 24 10;https://www.carquefou.fr/listes/ecole-municipale-de-musique/;Non;;;"{""coordinates"": [-1.5134066850078693, 47.30047790021904], ""type"": ""Point""}"
3394;4243;La Chaussée des Moines;La Chaussée des Moines;Culture;Monument;;Quai de la Chaussée des Moines;Vertou;44120;;https://metropole.nantes.fr/actualites/2021/environnement-nature/chaussee-des-moines-poissons;Oui;;;"{""coordinates"": [-1.4811394638131365, 47.16720295778415], ""type"": ""Point""}"
3451;2215;Château de La Gournerie;Château de La Gournerie;Culture;Musée, Château;Château;Allée du Château;Saint-Herblain;44800;;;Non;;https://metropole.nantes.fr/infonantes/equipement/E2215;"{""coordinates"": [-1.6377065610789043, 47.24596049976095], ""type"": ""Point""}"
3664;1433;Espace Cosmopolis;Espace Cosmopolis Nantes;Culture;Salle d'exposition;;18 Rue Scribe;Nantes;44000;02 52 10 82 00;https://cosmopolis.nantes.fr/;Oui;ascenseur / rampe d'accès;https://metropole.nantes.fr/infonantes/equipement/E1433;"{""coordinates"": [-1.562351924866818, 47.214403748925804], ""type"": ""Point""}"
3687;4095;Zoo Galerie;Zoo Galerie;Culture;Salle d'exposition;;12 Rue Lamoricière;Nantes;44100;02 55 11 88 45;http://www.zoogalerie.fr;Non;;https://metropole.nantes.fr/infonantes/equipement/E4095;"{""coordinates"": [-1.5710990270095273, 47.21194168471727], ""type"": ""Point""}"
72;945;Ludothèque Maison aux Jeux;Ludothèque Maison aux Jeux;Culture;Médiathèque;Ludothèque;14 Rue Michel Rocher;Nantes;44200;02 40 35 75 67;http://maisondesjeux-nantes.org/;Non;;https://metropole.nantes.fr/infonantes/equipement/E945;"{""coordinates"": [-1.5496708959198209, 47.20626040232584], ""type"": ""Point""}"
134;2318;Musée de la Poste;Musée de la Poste;Culture;Musée, Château;Musée;2B Rue Président Edouard Herriot;Nantes;44000;02 51 83 37 12;;Non;;https://metropole.nantes.fr/infonantes/equipement/E2318;"{""coordinates"": [-1.5593281495582259, 47.218255986200724], ""type"": ""Point""}"
164;1456;Bibliothèque Cacault;Bibliothèque pour Tous Cacault;Culture;Médiathèque;Bibliothèque;12 Rue Cacault;Nantes;44000;02 40 20 46 76;;Non;;;"{""coordinates"": [-1.5577563495353945, 47.2166287841451], ""type"": ""Point""}"
313;127;Musée Dobrée;Musée Thomas-Dobrée;Culture;Musée, Château;Musée;18 Rue Voltaire;Nantes;44000;02 40 71 03 50;http://www.loire-atlantique.fr/;Non;;https://metropole.nantes.fr/infonantes/equipement/E127;"{""coordinates"": [-1.5665754519928254, 47.21263578428968], ""type"": ""Point""}"
360;1809;Biblio. P. Eluard;Bibliothèque Paul Eluard;Culture;Médiathèque;Bibliothèque;32 Avenue des Plantes;Saint-Herblain;44800;02 40 40 51 41;https://bibli-pauleluard44.org/;Non;;https://metropole.nantes.fr/infonantes/equipement/E1809;"{""coordinates"": [-1.5856085141217982, 47.23413886879431], ""type"": ""Point""}"
422;3068;Bibliothèque;Bibliothèque pour tous;Culture;Médiathèque;Bibliothèque;76 Rue Edgar Quinet;Nantes;44100;02 40 43 57 55;;Non;;;"{""coordinates"": [-1.5856080019960654, 47.21482770663869], ""type"": ""Point""}"
556;1454;Bibliothèque Siège Social Nantes;Bibliothèque pour Tous;Culture;Médiathèque;Bibliothèque;1 Rue Mathelin Rodier;Nantes;44000;02 40 47 71 80;;Non;;;"{""coordinates"": [-1.550458635247878, 47.216673170379856], ""type"": ""Point""}"
641;4092;Galerie RDV;Galerie RDV;Culture;Salle d'exposition;;16 Allée Commandant Charcot;Nantes;44000;02 40 69 62 35;http://galerierdv.com;Non;;https://metropole.nantes.fr/infonantes/equipement/E4092;"{""coordinates"": [-1.5458010313887638, 47.21716293607712], ""type"": ""Point""}"
703;5023;Maison des Arts;Maison des Arts;Culture;Ecole Culturelle;;26 Rue de Saint Nazaire;Saint-Herblain;44800;02 28 25 25 80;https://maisondesarts.saint-herblain.fr/;Non;;https://metropole.nantes.fr/infonantes/equipement/E5023;"{""coordinates"": [-1.6149129298811844, 47.21190519324032], ""type"": ""Point""}"
723;2733;Bibliothèque;Bibliothèque Municipale;Culture;Médiathèque;Bibliothèque;4 Place Dominique Savelli;La Chapelle-sur-Erdre;44240;02 40 77 89 91;http://biblio.lachapellesurerdre.fr/;Non;;https://metropole.nantes.fr/infonantes/equipement/E2733;"{""coordinates"": [-1.5503560141931771, 47.29592233335787], ""type"": ""Point""}"
730;1985;Cinéma Lutétia;Cinéma Lutétia;Culture;Cinéma;;18 Rue des Calvaires;Saint-Herblain;44800;02 51 80 03 54;http://www.cine-lutetia.net;Non;;https://metropole.nantes.fr/infonantes/equipement/E1985;"{""coordinates"": [-1.64975701528843, 47.21409212965849], ""type"": ""Point""}"
820;145;La Fabrique Chantenay-Bellevue;La Fabrique Chantenay-Bellevue;Culture;Salle de spectacle;;30 Boulevard de la Liberté;Nantes;44100;02 40 41 65 67;http://www.lafabrique.nantes.fr;Non;;https://metropole.nantes.fr/infonantes/equipement/E145;"{""coordinates"": [-1.5888287343206897, 47.19962518637241], ""type"": ""Point""}"
858;1425;Théâtre Pom';Théâtre Pom';Culture;Salle de spectacle;;44 Rue de Bel Air;Nantes;44000;;;Non;;;"{""coordinates"": [-1.5590442301850118, 47.223915380871034], ""type"": ""Point""}"
1103;944;Ludothèque Clos Toreau;Ludothèque Clos Toreau;Culture;Médiathèque;Ludothèque;4 Place du Muguet Nantais;Nantes;44200;02 40 34 19 27;https://www.accoord.fr//nc_centre/maison-des-confluences-csc-clos-toreau/;Non;;https://metropole.nantes.fr/infonantes/equipement/E944;"{""coordinates"": [-1.528127863591836, 47.19438425647275], ""type"": ""Point""}"
1111;2522;Médiathèque Y. et R. Gaudin;Médiathèque Yves et Raymond Gaudin;Culture;Médiathèque;Médiathèque;92 Rue Violin;La Montagne;44620;02 40 65 66 24;https://mediatheque-lamontagne.org/;Oui;;https://metropole.nantes.fr/infonantes/equipement/E2522;"{""coordinates"": [-1.6851127315029273, 47.191590528554414], ""type"": ""Point""}"
1262;1958;Médiathèque Ormédo;Médiathèque Ormédo;Culture;Médiathèque;Médiathèque;2 Promenade de l'Europe;Orvault;44700;02 51 78 98 60;http://www.bibliotheques-orvault.fr/;Oui;;https://metropole.nantes.fr/infonantes/equipement/E1958;"{""coordinates"": [-1.6256086088444635, 47.27239217917125], ""type"": ""Point""}"
1459;3611;Bibliothèque Pt Chantilly;Bibliothèque Le Petit Chantilire;Culture;Médiathèque;Bibliothèque;48 Avenue Alexandre Goupil;Orvault;44700;02 40 63 97 95;http://www.bibliotheques-orvault.fr/;Oui;;https://metropole.nantes.fr/infonantes/equipement/E3611;"{""coordinates"": [-1.5991379238024428, 47.25432471744557], ""type"": ""Point""}"
1522;1251;Salle d'Expo. Chau de Procé;Salle d'Expositions Château de Procé;Culture;Salle d'exposition;;44 Rue des Dervallières;Nantes;44000;;;Non;;https://metropole.nantes.fr/infonantes/equipement/E1251;"{""coordinates"": [-1.5812539411859614, 47.223296128297164], ""type"": ""Point""}"
1654;2056;E. de Musique;Ecole municipale de musique;Culture;Ecole Culturelle;;130 Boulevard des Pas Enchantés;Saint-Sébastien-sur-Loire;44230;02 40 80 85 15;https://www.saintsebastien.fr/fr/ecole-municipale-de-musique/lecole-municipale-de-musique;Non;;;"{""coordinates"": [-1.500845989810839, 47.21001737457879], ""type"": ""Point""}"
1706;4773;Cour et Jardin;Espace Cour et Jardin;Culture;Ecole Culturelle;;1 Rue du Onze Novembre 1918;Vertou;44120;02 40 34 76 14;http://www.vertou.fr/;Oui;;https://metropole.nantes.fr/infonantes/equipement/E4773;"{""coordinates"": [-1.475505208918166, 47.16950224161913], ""type"": ""Point""}"
1885;2728;Médiathèque Le jardin de Lecture;Médiathèque Le jardin de Lecture;Culture;Médiathèque;Médiathèque;39 Rue des Frères Rousseau;Saint-Aignan de Grand Lieu;44860;02 40 26 44 55;http://www.saint-aignan-grandlieu.fr/mes-loisirs/culture/mediatheque-le-jardin-de-lecture-714.html;Oui;;https://metropole.nantes.fr/infonantes/equipement/E2728;"{""coordinates"": [-1.6304933518421414, 47.123771801421476], ""type"": ""Point""}"
2052;2385;Château de La Tour;Château de La Tour;Culture;Musée, Château;Château;Allée de la Tour;Orvault;44700;;https://www.orvault.fr/le-chateau-de-la-tour;Non;;https://metropole.nantes.fr/infonantes/equipement/E2385;"{""coordinates"": [-1.6259294823428956, 47.288075252071145], ""type"": ""Point""}"
2155;1118;M. des Hommes et des Tech.;Maison des Hommes et des Techniques;Culture;Salle d'exposition;;2B Boulevard Léon Bureau;Nantes;44200;02 40 08 20 22;http://www.maison-hommes-techniques.fr;Non;;https://metropole.nantes.fr/infonantes/equipement/E1118;"{""coordinates"": [-1.565759373930482, 47.20575792407977], ""type"": ""Point""}"
2416;2603;Château de la Desnerie;Château de la Desnerie;Culture;Musée, Château;Château;VC 5;La Chapelle-sur-Erdre;44240;;;Non;;;"{""coordinates"": [-1.535319114525957, 47.27264750695192], ""type"": ""Point""}"
2939;3383;E. de Musique Point d'orgue;Ecole de Musique Point d'orgue;Culture;Ecole Culturelle;;Square de Theley;Basse-Goulaine;44115;02 40 03 51 58;;Non;;;"{""coordinates"": [-1.46393073097686, 47.21839421610118], ""type"": ""Point""}"
3072;2457;Site Gallo Romain St Lupien;Site Gallo Romain Saint Lupien;Culture;Monument;;Chemin Saint Lupien;Rezé;44400;02 40 84 43 96;;Non;;https://metropole.nantes.fr/infonantes/equipement/E2457;"{""coordinates"": [-1.564951868323343, 47.19160568529748], ""type"": ""Point""}"
3107;3616;Zénith;Zénith de Nantes Métropole;Culture;Salle de spectacle;;Boulevard du Zénith;Saint-Herblain;44800;;https://www.zenith-nantesmetropole.com;Oui;;https://metropole.nantes.fr/infonantes/equipement/E3616;"{""coordinates"": [-1.6279917343512431, 47.228696986027444], ""type"": ""Point""}"
3331;2376;Château de La Sénaigerie;Château de La Sénaigerie;Culture;Musée, Château;Château;Rue de la Sénaigerie;Bouaye;44830;02 40 65 53 55;;Non;;https://metropole.nantes.fr/infonantes/equipement/E2376;"{""coordinates"": [-1.6795971395003466, 47.13578463661492], ""type"": ""Point""}"
3503;2707;Médiathèque R. G. Cadou;Médiathèque René Guy Cadou;Culture;Médiathèque;Bibliothèque;Place de la Chantrie;Basse-Goulaine;44115;02 40 06 00 22;http://mediatheque.basse-goulaine.fr/;Oui;;https://metropole.nantes.fr/infonantes/equipement/E2707;"{""coordinates"": [-1.4658653216423727, 47.21628246890896], ""type"": ""Point""}"
3546;5362;Centre Culturel Franco-Allemand;Centre Culturel Franco-Allemand (CCFA);Culture;Salle de spectacle;;92 Boulevard de la Prairie au Duc;Nantes;44200;02 40 35 39 43;https://www.ccfa-nantes.org/;Non;;;"{""coordinates"": [-1.5686955633482187, 47.20398908301475], ""type"": ""Point""}"
3572;5441;Magasin à huile;Magasin à huile;Culture;Salle de spectacle;;Quai Jean-Pierre Fougerat;Couëron;44220;02 40 38 51 23;https://www.ville-coueron.fr/culture/magasin-a-huile/;Non;;https://metropole.nantes.fr/infonantes/equipement/E5441;"{""coordinates"": [-1.7202530696878293, 47.209070578389706], ""type"": ""Point""}"
3634;2118;La Ludothèque;La Ludothèque;Culture;Médiathèque;Ludothèque;11 Rue de Dijon;Saint-Herblain;44800;02 28 25 22 93;http://www.la-bibliotheque.com;Non;;https://metropole.nantes.fr/infonantes/equipement/E2118;"{""coordinates"": [-1.6153624375218774, 47.20612357921712], ""type"": ""Point""}"
3636;4098;Trempo;La Fabrique Ile de Nantes - Trempo;Culture;Salle de spectacle;;6 Boulevard Léon Bureau;Nantes;44200;02 40 46 66 33;http://www.trempo.com;Non;;https://metropole.nantes.fr/infonantes/equipement/E4098;"{""coordinates"": [-1.562920201562611, 47.20461215611946], ""type"": ""Point""}"
65;3987;Stereolux;La Fabrique Ile de Nantes - Stereolux;Culture;Salle de spectacle;;4 Boulevard Léon Bureau;Nantes;44200;02 40 43 20 43;https://stereolux.org;Non;;https://metropole.nantes.fr/infonantes/equipement/E3987;"{""coordinates"": [-1.5633976677359573, 47.20508498273803], ""type"": ""Point""}"
173;2722;Bibliothèque;Bibliothèque Indre;Culture;Médiathèque;Bibliothèque;2 Rue du Stade;Indre;44610;02 40 85 46 16;https://www.bibliotheque.indre44.fr/;Oui;Ascenseur;https://metropole.nantes.fr/infonantes/equipement/E2722;"{""coordinates"": [-1.6716568636438933, 47.200430487070314], ""type"": ""Point""}"
222;5543;Atelier du Moulin;Atelier du Moulin;Culture;Salle d'exposition;;18 Rue de l'Industrie;Vertou;44120;;;Non;;https://metropole.nantes.fr/infonantes/equipement/E5543;"{""coordinates"": [-1.4823274669626396, 47.165963275654576], ""type"": ""Point""}"
234;26;Médiathèque Luce Courville;Médiathèque Nord Luce Courville;Culture;Médiathèque;Médiathèque;1 Rue Eugène Thomas;Nantes;44300;02 40 41 53 50;http://bm.nantes.fr;Oui;;https://metropole.nantes.fr/infonantes/equipement/E26;"{""coordinates"": [-1.5742109842670924, 47.2619113505832], ""type"": ""Point""}"
288;4093;Le Rayon Vert;Galerie le Rayon Vert;Culture;Salle d'exposition;;1 Rue Sainte Marthe;Nantes;44100;02 40 71 88 27;http://www.rayonvert.com;Non;;https://metropole.nantes.fr/infonantes/equipement/E4093;"{""coordinates"": [-1.5797961796240367, 47.20267190801059], ""type"": ""Point""}"
705;2125;E. de Musique;Maison des Arts - Ecole de Musique;Culture;Ecole Culturelle;;26 Rue de Saint Nazaire;Saint-Herblain;44800;02 28 25 25 80;http://maisondesarts.saint-herblain.fr;Non;;https://metropole.nantes.fr/infonantes/equipement/E2125;"{""coordinates"": [-1.6147337695394448, 47.212108681494506], ""type"": ""Point""}"
778;3020;Théâtre du Sphinx;Théâtre du Sphinx;Culture;Salle de spectacle;;9 Rue Monteil;Nantes;44000;06 84 49 86 92;http://www.theatredusphinx.com;Non;;https://metropole.nantes.fr/infonantes/equipement/E3020;"{""coordinates"": [-1.5479168962113241, 47.21360549043128], ""type"": ""Point""}"
819;147;Pigeonnier;Pigeonnier Nantes;Culture;Monument;;4 Place Vincent Auriol;Nantes;44100;;;Non;;https://metropole.nantes.fr/infonantes/equipement/E147;"{""coordinates"": [-1.592764947282158, 47.221942225354574], ""type"": ""Point""}"
877;1810;Bibliothèque R. G. Cadou;Bibliothèque René Guy Cadou;Culture;Médiathèque;Bibliothèque;2 Rue du Bois de Lagland;Saint-Herblain;44800;02 40 63 19 46;https://www.saint-herblain.fr/Services-et-demarches/Lieux-utiles/Lieux-culturels/Bibliotheque-associative-Rene-Guy-Cadou;Non;;https://metropole.nantes.fr/infonantes/equipement/E1810;"{""coordinates"": [-1.6318343706968472, 47.23411041427046], ""type"": ""Point""}"
1105;5044;Olympe de Gouges;Salle Olympe de Gouges;Culture;Salle d'exposition;;92 Rue Violin;La Montagne;44620;;;Non;;https://metropole.nantes.fr/infonantes/equipement/E5044;"{""coordinates"": [-1.6849218598261984, 47.1915510724394], ""type"": ""Point""}"
1106;2525;M. de la Musique;Maison de la Musique La Montagne;Culture;Ecole Culturelle;;92 Rue Violin;La Montagne;44620;02 40 65 32 40;http://www.ville-lamontagne.fr/module-pagesetter-viewpub-tid-2-pid-25.html;Non;;;"{""coordinates"": [-1.685001648324965, 47.19133615832644], ""type"": ""Point""}"
1264;1857;ONYX;ONYX;Culture;Salle de spectacle;;1 Place Océane;Saint-Herblain;44800;02 28 25 25 00;http://theatreonyx.fr/;Oui;;https://metropole.nantes.fr/infonantes/equipement/E1857;"{""coordinates"": [-1.6292941885309813, 47.22379983837154], ""type"": ""Point""}"
1304;2458;Le Ht Moulin;Le Haut Moulin Saint léger les Vignes;Culture;Monument;;16 Rue de Nantes;Saint-Léger-les-Vignes;44710;02 40 31 50 32;;Non;;;"{""coordinates"": [-1.7270114501082208, 47.13607372872503], ""type"": ""Point""}"
1316;17;Médiathèque J. Demy;Médiathèque Espace Jacques Demy;Culture;Médiathèque;Médiathèque;24 Quai de la Fosse;Nantes;44000;02 40 41 95 95;http://bm.nantes.fr;Oui;;https://metropole.nantes.fr/infonantes/equipement/E17;"{""coordinates"": [-1.5621552158613186, 47.21115000826376], ""type"": ""Point""}"
1337;123;Manoir La Hautière;Manoir de La Hautière;Culture;Musée, Château;Château;14 Rue Claude Guillon Verne;Nantes;44100;02 40 69 30 55;;Non;;https://metropole.nantes.fr/infonantes/equipement/E123;"{""coordinates"": [-1.582795409677125, 47.202965439179025], ""type"": ""Point""}"
1432;1991;Médiathèque;Médiathèque Saint Sébastien;Culture;Médiathèque;Médiathèque;10 Rue Jean Macé;Saint-Sébastien-sur-Loire;44230;02 40 80 86 20;http://mediatheque.saintsebastien.fr/;Oui;Ascenseur;https://metropole.nantes.fr/infonantes/equipement/E1991;"{""coordinates"": [-1.5057904889756397, 47.20562288702003], ""type"": ""Point""}"
1510;4007;Médiathèque du Conservatoire;Médiathèque du Conservatoire;Culture;Médiathèque;Médiathèque;4 Rue Gaëtan Rondeau;Nantes;44200;02 51 25 00 36;http://bm.nantes.fr;Non;;https://metropole.nantes.fr/infonantes/equipement/E4007;"{""coordinates"": [-1.532665392266115, 47.208038577258016], ""type"": ""Point""}"
1595;5115;Centre d'initiation au théâtre;Centre d'initiation au théâtre;Culture;Salle de spectacle;;10 Rue de l'Allée Verte;Saint-Sébastien-sur-Loire;44230;;;Non;;https://metropole.nantes.fr/infonantes/equipement/E5115;"{""coordinates"": [-1.4893153068827187, 47.195844928662105], ""type"": ""Point""}"
1658;159;Salle d' Expo. Manu;Salle d'Expositions Manu;Culture;Salle d'exposition;;11 Boulevard de Stalingrad;Nantes;44000;;;Non;;https://metropole.nantes.fr/infonantes/equipement/E159;"{""coordinates"": [-1.53606743023838, 47.219758604562685], ""type"": ""Point""}"
1671;3657;Médiathèque Floresca Guépin;Médiathèque Est Floresca Guépin;Culture;Médiathèque;Médiathèque;15 Rue de la Haluchère;Nantes;44300;02 40 93 41 60;http://bm.nantes.fr;Oui;;https://metropole.nantes.fr/infonantes/equipement/E3657;"{""coordinates"": [-1.5128014585289473, 47.240830964327536], ""type"": ""Point""}"
1704;4195;Cinéma Pôle Sud;Cinéma Pôle Sud;Culture;Cinéma;;Rue Dumont D'Urville;Basse-Goulaine;44115;02 28 00 98 98;http://www.cinepolesud.fr/;Oui;;https://metropole.nantes.fr/infonantes/equipement/E4195;"{""coordinates"": [-1.4702441542994018, 47.18851658119786], ""type"": ""Point""}"
2151;5039;Centre d'Histoire du Travail;Centre d'Histoire du Travail;Culture;Médiathèque;Bibliothèque;2B Boulevard Léon Bureau;Nantes;44200;02 40 08 22 04;https://cht-nantes.org/;Non;;https://metropole.nantes.fr/infonantes/equipement/E5039;"{""coordinates"": [-1.5659421753590959, 47.20566382668198], ""type"": ""Point""}"
2296;3635;Cinéma Cinéville;Cinéma Cinéville;Culture;Cinéma;;Rue Marie Curie;Saint-Sébastien-sur-Loire;44230;02 51 79 78 10;https://cineville.fr;Oui;;https://metropole.nantes.fr/infonantes/equipement/E3635;"{""coordinates"": [-1.488290714779959, 47.18971272351135], ""type"": ""Point""}"
2322;2389;Le Gd Calvaire;Le Grand Calvaire Orvault;Culture;Monument;;Rue Hubert De la Brosse;Orvault;44700;02 51 78 33 33;http://www.orvault.fr;Non;;https://metropole.nantes.fr/infonantes/equipement/E2389;"{""coordinates"": [-1.6203477769777719, 47.271978346173036], ""type"": ""Point""}"
2409;4199;Le Pavillon;Le Pavillon du Bois de la Noë;Culture;Monument;;Rue de Nantes;Bouaye;44830;02 51 70 55 55;http://www.bouaye.fr;Non;;https://metropole.nantes.fr/infonantes/equipement/E4199;"{""coordinates"": [-1.6779249336805402, 47.14299661075324], ""type"": ""Point""}"
2566;4894;Jardin du presbytère;Jardin du presbytère;Culture;Monument;;Place de l'Eglise;Mauves-sur-Loire;44470;;;Non;;;"{""coordinates"": [-1.392923979786684, 47.2949767154415], ""type"": ""Point""}"
2588;2614;Château de La Gascherie;Château de La Gascherie;Culture;Musée, Château;Château;Rue de l'Erdre;La Chapelle-sur-Erdre;44240;;;Non;;;"{""coordinates"": [-1.5348965931216614, 47.29781138279817], ""type"": ""Point""}"
2591;2611;Château de La Poterie;Château de La Poterie;Culture;Musée, Château;Château;Rue de Cotalard;La Chapelle-sur-Erdre;44240;;;Non;;;"{""coordinates"": [-1.5300838937217103, 47.28339841543799], ""type"": ""Point""}"
2767;5079;Miroir d'eau;Le miroir d'eau;Culture;Monument;;Cours John Kennedy;Nantes;44000;;;Non;;https://metropole.nantes.fr/infonantes/equipement/E5079;"{""coordinates"": [-1.5489595207885467, 47.215057637773306], ""type"": ""Point""}"
2944;4220;Salle G. Feydeau;Salle Georges Feydeau;Culture;Ecole Culturelle;;Square de Theley;Basse-Goulaine;44115;;;Non;;;"{""coordinates"": [-1.4641489775693364, 47.218500320384344], ""type"": ""Point""}"
2945;4219;E.de Danse - Salle M. Béjart;Ecole de Danse - Salle Maurice Béjart;Culture;Ecole Culturelle;;Square de Theley;Basse-Goulaine;44115;;;Non;;;"{""coordinates"": [-1.463947521482593, 47.218610174694966], ""type"": ""Point""}"
61;2028;Salle Escall;Salle Polyvalente Escall;Culture;Salle de spectacle;;27 Rue des Berlaguts;Saint-Sébastien-sur-Loire;44230;02 40 80 85 88;http://www.saintsebastien.fr;Oui;;https://metropole.nantes.fr/infonantes/equipement/E2028;"{""coordinates"": [-1.5035216880078948, 47.2000377795628], ""type"": ""Point""}"
469;3019;TNT;TNT - Terrain Neutre Théâtre;Culture;Salle de spectacle;;11 Allée de la Maison Rouge;Nantes;44000;02 40 12 12 28;https://www.tntheatre.com;Oui;;https://metropole.nantes.fr/infonantes/equipement/E3019;"{""coordinates"": [-1.552138449381448, 47.21244375183982], ""type"": ""Point""}"
573;1954;E. de Musique;Ecole Municipale de Musique ORIGAMI - Orvault;Culture;Ecole Culturelle;;37 Avenue de la Ferrière;Orvault;44700;02 51 78 33 34;https://www.orvault.fr/culture-sport-tourisme/culture/musiques/origami-ecole-municipale-des-musiques-dorvault;Non;;;"{""coordinates"": [-1.5851476753081097, 47.24853676914673], ""type"": ""Point""}"
701;2122;Bibliothèque Adèle'H;Bibliothèque Adèle'H;Culture;Médiathèque;Bibliothèque;42 Rue de la Blanche;Saint-Herblain;44800;02 40 46 75 45;https://www.saint-herblain.fr/Services-et-demarches/Lieux-utiles/Lieux-culturels/Bibliotheque-associative-Adele-H;Non;;https://metropole.nantes.fr/infonantes/equipement/E2122;"{""coordinates"": [-1.6096233702583855, 47.219419378788935], ""type"": ""Point""}"
3003;5030;Ecole de Musique;Ecole de Musique Municipale;Culture;Ecole Culturelle;;Rue Ginsheim Gustavsburg;Bouguenais;44340;02 40 65 24 57;https://www.bouguenais.fr/fr/ecole-municipale-musique;Non;;https://metropole.nantes.fr/infonantes/equipement/E5030;"{""coordinates"": [-1.6068622034107871, 47.174045194247235], ""type"": ""Point""}"
3052;4920;Salle des macres;Salle des macres;Culture;Salle de spectacle;;Rue du Stade;Bouaye;44830;;;Non;;https://metropole.nantes.fr/infonantes/equipement/E4920;"{""coordinates"": [-1.6958577070047813, 47.15042588000406], ""type"": ""Point""}"
3346;4458;Château de La Couronnerie;Château de La Couronnerie;Culture;Musée, Château;Château;Allée de la Couronnerie;Carquefou;44470;;;Non;;;"{""coordinates"": [-1.5257955874540647, 47.31166331382438], ""type"": ""Point""}"
3395;2627;Ecluse;Ecluse de la Chaussée des Moines;Culture;Monument;;Quai de la Chaussée des Moines;Vertou;44120;02 40 34 93 64;;Non;;;"{""coordinates"": [-1.4808716463987077, 47.168151757736766], ""type"": ""Point""}"
3408;3610;Médiathèque R. Goscinny;Médiathèque René Goscinny;Culture;Médiathèque;Médiathèque;Esplanade Pierre Brasselet;Sainte-Luce-sur-Loire;44980;02 40 68 16 51;http://mediatheque.sainte-luce-loire.com;Oui;;https://metropole.nantes.fr/infonantes/equipement/E3610;"{""coordinates"": [-1.4824603359821267, 47.248043564469626], ""type"": ""Point""}"
3511;766;Théâtre de Poche Graslin;Théâtre de Poche Graslin - TPG;Culture;Salle de spectacle;;5 Rue Lekain;Nantes;44000;02 40 47 34 44;http://www.theatredepochegraslin.fr;Oui;;https://metropole.nantes.fr/infonantes/equipement/E766;"{""coordinates"": [-1.5629509966623214, 47.21449615900276], ""type"": ""Point""}"
3696;5843;Longère de la Bégraisière;Longère de la Bégraisière;Culture;Salle d'exposition;;Rue François Rabelais;Saint-Herblain;44800;;;Non;;;"{""coordinates"": [-1.6151346294467226, 47.231245979827115], ""type"": ""Point""}"
208;1415;Pannonica;Salle Pannonica;Culture;Salle de spectacle;;9 Rue Basse Porte;Nantes;44000;;;Non;;;"{""coordinates"": [-1.5584171812053325, 47.22080264640623], ""type"": ""Point""}"
406;162;Espace Culturel Bréchoir;Espace Culturel Bréchoir;Culture;Salle de spectacle;;1 Rue Jules Bréchoir;Nantes;44000;;;Non;;;"{""coordinates"": [-1.5229962362173235, 47.225298331476495], ""type"": ""Point""}"
441;1829;Médiathèque Bourg;Médiathèque Bourg;Culture;Médiathèque;Médiathèque;126 Boulevard François Mitterrand;Saint-Herblain;44800;02 28 25 25 28;http://www.la-bibliotheque.com;Non;;https://metropole.nantes.fr/infonantes/equipement/E1829;"{""coordinates"": [-1.6489290285589568, 47.21314527006269], ""type"": ""Point""}"
571;3437;C. Culturel Gobinière;Centre Culturel de la Gobinière - Théâtre de la Gobinière, Le Pigeonnier et le H;Culture;Salle de spectacle;;37 Avenue de la Ferrière;Orvault;44700;02 51 78 33 33;http://www.orvault.fr;Non;;https://metropole.nantes.fr/infonantes/equipement/E3437;"{""coordinates"": [-1.585538365915276, 47.24941273363427], ""type"": ""Point""}"
855;1122;Cinéma Bonne Garde;Cinéma Bonne Garde;Culture;Cinéma;;20 Rue Frère Louis;Nantes;44200;02 51 83 66 71;https://www.cinemalebonnegarde.com;Oui;;https://metropole.nantes.fr/infonantes/equipement/E1122;"{""coordinates"": [-1.5384374818927387, 47.19532786450425], ""type"": ""Point""}"
861;146;Planétarium;Planétarium;Culture;Musée, Château;Musée;8 Rue des Acadiens;Nantes;44100;02 40 73 99 23;https://planetarium.nantesmetropole.fr;Oui;Bâtiment plain-pied - Rampe d'accès;https://metropole.nantes.fr/infonantes/equipement/E146;"{""coordinates"": [-1.5775049031680273, 47.20224185074873], ""type"": ""Point""}"
953;131;Château des Ducs de Bretagne;Château des Ducs de Bretagne;Culture;Monument;;4 Place Marc Elder;Nantes;44000;08 11 46 46 44;https://www.chateaunantes.fr/;Non;;https://metropole.nantes.fr/infonantes/equipement/E131;"{""coordinates"": [-1.5487706572018147, 47.216265329405324], ""type"": ""Point""}"
1234;16;Bibliothèque Manufacture;Bibliothèque de la Manufacture;Culture;Médiathèque;Bibliothèque;6 Cour Jules Durand;Nantes;44000;02 40 41 95 65;http://bm.nantes.fr;Non;;https://metropole.nantes.fr/infonantes/equipement/E16;"{""coordinates"": [-1.5362150097176794, 47.2199674658948], ""type"": ""Point""}"
1253;4148;Expression Livre;Bibliothèque Expression Livre;Culture;Médiathèque;Bibliothèque;56 Rue de la Ripossière;Nantes;44200;02 40 75 37 23;http://www.expressionlivre.fr/;Non;;https://metropole.nantes.fr/infonantes/equipement/E4148;"{""coordinates"": [-1.5338088134938879, 47.192430321563215], ""type"": ""Point""}"
1351;4054;Théâtre Francine Vasse;Théâtre Francine Vasse;Culture;Salle de spectacle;;18 Rue Colbert;Nantes;44000;;https://www.leslaboratoiresvivants.com/;Oui;;https://metropole.nantes.fr/infonantes/equipement/E4054;"{""coordinates"": [-1.5689361234428787, 47.215627980819754], ""type"": ""Point""}"
1428;3166;C. Musical La Balinière;Centre Musical de La Balinière;Culture;Salle de spectacle;;24 Rue de la Balinière;Rezé;44400;02 51 70 78 20;;Oui;;https://metropole.nantes.fr/infonantes/equipement/E3166;"{""coordinates"": [-1.5526682220912356, 47.18321000810705], ""type"": ""Point""}"
1681;4882;La Morvandière;Lieu Culturel Espace la Morvandière;Culture;Salle de spectacle;;23 Rue de Mauves;Thouaré-sur-Loire;44470;;;Non;;https://metropole.nantes.fr/infonantes/equipement/E4882;"{""coordinates"": [-1.4378396749123152, 47.26891393682828], ""type"": ""Point""}"
1797;4256;E. de Musique;Ecole de Musique;Culture;Ecole Culturelle;;25 Rue de la Forêt;Sautron;44880;02 40 63 60 61;http://www.ecole-musique-sautron.fr/;Non;;;"{""coordinates"": [-1.6804687234209392, 47.26529773778455], ""type"": ""Point""}"
1830;1151;Château Gaudinière;Château de La Gaudinière;Culture;Monument;;29 Rue Diane;Nantes;44300;;;Non;;https://metropole.nantes.fr/infonantes/equipement/E1151;"{""coordinates"": [-1.578281171544153, 47.24345888630788], ""type"": ""Point""}"
1977;2379;Château de l'Epinay;Château de l'Epinay;Culture;Musée, Château;Château;Boulevard de l'Epinay;Carquefou;44470;02 40 68 49 49;;Non;;;"{""coordinates"": [-1.4903205097351715, 47.287741687784], ""type"": ""Point""}"
2042;2320;FRAC Pays de Loire;Fonds Régional d'Art Contemporain des Pays de la Loire;Culture;Salle d'exposition;;Boulevard Ampère;Carquefou;44470;02 28 01 50 00;http://www.fracdespaysdelaloire.com;Non;;https://metropole.nantes.fr/infonantes/equipement/E2320;"{""coordinates"": [-1.5042024158866991, 47.30039262719416], ""type"": ""Point""}"
2365;2481;Théâtre B. Vian;Théâtre Boris Vian;Culture;Salle de spectacle;;Rue Jean Rostand;Couëron;44220;02 40 38 58 80;http://www.ville-coueron.fr/theatre-boris-vian/;Non;;https://metropole.nantes.fr/infonantes/equipement/E2481;"{""coordinates"": [-1.7308057102728367, 47.216048656907425], ""type"": ""Point""}"
2406;2740;Médiathèque;Médiathèque municipale de Bouaye;Culture;Médiathèque;Médiathèque;Place du Marché;Bouaye;44830;02 40 32 63 03;http://mediatheque.bouaye.fr/;Non;;https://metropole.nantes.fr/infonantes/equipement/E2740;"{""coordinates"": [-1.6882905954576735, 47.141757813592214], ""type"": ""Point""}"
2462;2490;Espace R. Cassin;Espace Culturel René Cassin;Culture;Salle de spectacle;;Rue de la Jouardais;Le Pellerin;44640;02 40 04 56 00;http://www.ville-lepellerin.fr;Non;;https://metropole.nantes.fr/infonantes/equipement/E2490;"{""coordinates"": [-1.7619709193424875, 47.19445469774962], ""type"": ""Point""}"
3044;3786;Bibl. annexe de Beautour;Bibliothèque annexe de Beautour;Culture;Médiathèque;Bibliothèque;Place de la Poste;Vertou;44120;02 40 34 48 24;http://librecour.vertou.fr/exploitation/;Oui;;https://metropole.nantes.fr/infonantes/equipement/E3786;"{""coordinates"": [-1.5051736751571074, 47.184250069981175], ""type"": ""Point""}"
3337;3396;Pôle Musical;Pôle Musical;Culture;Ecole Culturelle;;Chemin de Roche Blanche;La Chapelle-sur-Erdre;44240;09 53 09 07 90;http://www.ameg-44.fr/;Oui;;;"{""coordinates"": [-1.5574854096653301, 47.2793768092291], ""type"": ""Point""}"
3575;4300;Musée de l'Erdre;Musée de l'Erdre;Culture;Musée, Château;Musée;Rue Augustin Fresnel;Carquefou;44470;02 28 22 24 45;http://www.carquefou.fr/musee;Non;;https://metropole.nantes.fr/infonantes/equipement/E4300;"{""coordinates"": [-1.5132720230835353, 47.29993741707532], ""type"": ""Point""}"
1006;1443;Sud Loire;Espace Culturel Sud Loire;Culture;Salle de spectacle;;47 Rue Ledru Rollin;Nantes;44200;02 40 75 37 23;;Non;;;"{""coordinates"": [-1.5348910074285693, 47.19270109558139], ""type"": ""Point""}"
1215;3235;Cinéma St Paul;Cinéma Saint Paul;Culture;Cinéma;;38 Rue Julien Douillard;Rezé;44400;02 40 75 41 91;http://cinemasaintpaul.asso.fr/;Non;;https://metropole.nantes.fr/infonantes/equipement/E3235;"{""coordinates"": [-1.5445464951668055, 47.1839198450475], ""type"": ""Point""}"
1313;4008;Centre Bermond-Boquié;Centre Bermond-Boquié;Culture;Médiathèque;Bibliothèque;24 Quai de la Fosse;Nantes;44000;02 40 41 42 62;http://bm.nantes.fr;Non;;https://metropole.nantes.fr/infonantes/equipement/E4008;"{""coordinates"": [-1.5623627832732847, 47.21108345210975], ""type"": ""Point""}"
1360;1123;Cinéma Gaumont;Cinéma Gaumont;Culture;Cinéma;;12 Place du Commerce;Nantes;44000;08 92 69 66 96;http://www.cinemasgaumontpathe.com;Oui;;https://metropole.nantes.fr/infonantes/equipement/E1123;"{""coordinates"": [-1.5582622813258655, 47.21340498810519], ""type"": ""Point""}"
1389;5489;Ludothèque;Ludothèque de Carquefou;Culture;Médiathèque;Ludothèque;3 Chemin du Courtil;Carquefou;44470;02 28 22 24 70;https://www.carquefou.fr/ludotheque/;Non;;https://metropole.nantes.fr/infonantes/equipement/E5489;"{""coordinates"": [-1.489855233761584, 47.29587783676113], ""type"": ""Point""}"
1481;4167;Ecole de musique;Ecole de musique;Culture;Ecole Culturelle;;9 Rue de la Gare;Indre;44610;02 28 25 80 19;http://www.indre44.fr/fr/information/84096/l-ecole-musique-municipale;Non;;;"{""coordinates"": [-1.669099428572738, 47.200809279890784], ""type"": ""Point""}"
1696;2395;Château de La Plinguetière;Château de La Plinguetière;Culture;Musée, Château;Château;51 Route du Champ de Foire;Saint-Aignan de Grand Lieu;44860;02 40 02 16 42;http://www.plinguetiere.fr/;Non;;https://metropole.nantes.fr/infonantes/equipement/E2395;"{""coordinates"": [-1.6134822131190745, 47.131655756128964], ""type"": ""Point""}"
1711;4513;Le Chapidock;Le Chapidock - école des arts du cirque;Culture;Ecole Culturelle;;60 Quai Président Wilson;Nantes;44200;02 28 44 25 84;http://www.lezards-animes.com/;Non;;;"{""coordinates"": [-1.571325027159701, 47.20010653517736], ""type"": ""Point""}"
1841;2743;Bibliothèque;Bibliothèque Brains;Culture;Médiathèque;Bibliothèque;1 Rue des Clos Mâts;Brains;44830;02 40 65 54 40;https://bibliotheque.mairie-brains.fr/;Non;;https://metropole.nantes.fr/infonantes/equipement/E2743;"{""coordinates"": [-1.7205762841687617, 47.16824945265912], ""type"": ""Point""}"
1917;2380;Espace de la Tour à Plomb;Espace de la Tour à Plomb;Culture;Monument;;93 Quai Jean-Pierre Fougerat;Couëron;44220;02 40 38 51 87;;Non;;https://metropole.nantes.fr/infonantes/equipement/E2380;"{""coordinates"": [-1.7203226251634438, 47.209221106039216], ""type"": ""Point""}"
90;157;Cité internationale des Congrès;Cité internationale des Congrès;Culture;Salle de spectacle;;5 Rue de Valmy;Nantes;44000;02 51 88 20 00;https://lacite-nantes.fr/;Non;;https://metropole.nantes.fr/infonantes/equipement/E157;"{""coordinates"": [-1.5436124088951022, 47.21276693615878], ""type"": ""Point""}"
168;3580;Le Cabanier;Le Cabanier Théâtre;Culture;Salle de spectacle;;6 Rue Ameline;Nantes;44000;02 51 81 92 08;http://lecabanier.free.fr;Non;;;"{""coordinates"": [-1.5583145382219392, 47.228853967801825], ""type"": ""Point""}"
205;4863;Bibliothèque;Bibliothèque de La Halvêque;Culture;Médiathèque;Bibliothèque;23 Rue Léon Serpollet;Nantes;44300;02 40 41 53 47;http://bm.nantes.fr;Non;;https://metropole.nantes.fr/infonantes/equipement/E4863;"{""coordinates"": [-1.5190633586992164, 47.25437881003235], ""type"": ""Point""}"
393;3347;Ludothèque La Fontaine;Ludothèque La Fontaine;Culture;Médiathèque;Ludothèque;11 Rue du Languedoc;Saint-Sébastien-sur-Loire;44230;02 40 34 34 14;http://www.saintseb.fr/la-fontaine/ludotheque;Non;;https://metropole.nantes.fr/infonantes/equipement/E3347;"{""coordinates"": [-1.4879436494491605, 47.20383941852366], ""type"": ""Point""}"
568;4329;Château Gobinière;Château de la Gobinière;Culture;Salle d'exposition;;37 Avenue de la Ferrière;Orvault;44700;;;Non;;https://metropole.nantes.fr/infonantes/equipement/E4329;"{""coordinates"": [-1.5846508491890703, 47.249213325965286], ""type"": ""Point""}"
706;2123;Bibliothèque;Maison des Arts - Bibliothèque;Culture;Médiathèque;Bibliothèque;26 Rue de Saint Nazaire;Saint-Herblain;44800;02 28 25 25 52;http://www.la-bibliotheque.com;Non;;https://metropole.nantes.fr/infonantes/equipement/E2123;"{""coordinates"": [-1.615071766338132, 47.21205845274104], ""type"": ""Point""}"
737;2738;Médiathèque Diderot;Médiathèque Espace Diderot;Culture;Médiathèque;Médiathèque;1 Place Lucien Le Meut;Rezé;44400;02 40 04 05 37;http://bibliotheque.reze.fr;Oui;Toilettes non adaptées;https://metropole.nantes.fr/infonantes/equipement/E2738;"{""coordinates"": [-1.5625609234252607, 47.18386717274109], ""type"": ""Point""}"
786;2727;Médiathèque;Médiathèque Hélène Carrère d'Encausse;Culture;Médiathèque;Médiathèque;22 Rue André Maurois;Carquefou;44470;02 28 22 24 00;http://www.mediatheque-carquefou.fr;Non;;https://metropole.nantes.fr/infonantes/equipement/E2727;"{""coordinates"": [-1.4909459974471224, 47.29561421664049], ""type"": ""Point""}"
974;3325;EMD;Ecole de Musique et de Danse;Culture;Ecole Culturelle;;1 Rue Henri Charpentier;Vertou;44120;02 40 03 45 05;http://www.emd-vertou.fr/;Non;;;"{""coordinates"": [-1.4724806042520324, 47.16868796909886], ""type"": ""Point""}"
3011;4191;Chateau de la Guerche;Chateau de la Guerche;Culture;Monument;;Rue de la Guerche;Brains;44830;;;Non;;;"{""coordinates"": [-1.7301775686941305, 47.168116436693666], ""type"": ""Point""}"
3238;3992;Les Nefs;Les Nefs des Machines de l'Île;Culture;Salle de spectacle;;Boulevard Léon Bureau;Nantes;44200;08 10 12 12 25;http://www.lesmachines-nantes.fr;Non;;https://metropole.nantes.fr/infonantes/equipement/E3992;"{""coordinates"": [-1.5645019712962163, 47.206146628842596], ""type"": ""Point""}"
3274;2582;M. de la Musique Sinfonia;Maison de la Musique Sinfonia;Culture;Ecole Culturelle;;Allée des Arts;Sainte-Luce-sur-Loire;44980;02 40 25 90 92;http://www.em-sl.fr/;Non;;;"{""coordinates"": [-1.4845516996464088, 47.247047453856055], ""type"": ""Point""}"
3357;2531;Cinéma Le Montagnard;Cinéma Le Montagnard;Culture;Cinéma;;Place Similien Guérin;La Montagne;44620;02 40 65 70 02;https://fr-fr.facebook.com/CinemaLeMontagnard;Oui;;https://metropole.nantes.fr/infonantes/equipement/E2531;"{""coordinates"": [-1.6829551613451332, 47.188110620896005], ""type"": ""Point""}"
3404;3483;Château du Chassay;Château du Chassay;Culture;Musée, Château;Château;Esplanade Pierre Brasselet;Sainte-Luce-sur-Loire;44980;;https://www.sainte-luce-loire.com/histoire/;Oui;;https://metropole.nantes.fr/infonantes/equipement/E3483;"{""coordinates"": [-1.483574224664788, 47.247902203065614], ""type"": ""Point""}"
3472;4475;Château de Praud;Château de Praud;Culture;Musée, Château;Château;Rue Konrad Adenauer;Rezé;44400;;;Non;;;"{""coordinates"": [-1.548181235668864, 47.168393414532716], ""type"": ""Point""}"
3547;1792;Centre Culturel  Européen;Centre Culturel  Européen;Culture;Salle de spectacle;;90 Boulevard de la Prairie au Duc;Nantes;44200;02 40 35 39 43;http://www.cce-nantes.eu/;Non;;https://metropole.nantes.fr/infonantes/equipement/E1792;"{""coordinates"": [-1.5684772315379414, 47.20401877720777], ""type"": ""Point""}"
3548;5360;Centre Culturel Franco-Espagnol;Centre Culturel Franco-Espagnol;Culture;Salle de spectacle;;92 Boulevard de la Prairie au Duc;Nantes;44200;02 40 35 83 23;https://ccfrancoespagnol-nantes.org/;Non;;;"{""coordinates"": [-1.5689347930381496, 47.2039730697512], ""type"": ""Point""}"
3576;4006;Bibliothèque de l'ESBANM;Bibliothèque de l'Ecole des Beaux-Arts de Nantes Saint-Nazaire;Culture;Médiathèque;Bibliothèque;2 Allée Frida Kahlo;Nantes;44200;02 55 58 64 90;https://beauxartsnantes.fr/biblioth%C3%A8que-beaux-arts-nantes;Oui;Ascenseur;https://metropole.nantes.fr/infonantes/equipement/E4006;"{""coordinates"": [-1.5614500755743705, 47.206400938400996], ""type"": ""Point""}"
3674;4091;Centre Claude Cahun;Centre Claude Cahun;Culture;Salle d'exposition;;45 Rue de Richebourg;Nantes;44000;09 52 77 23 14;http://www.galerie-confluence.fr;Non;;https://metropole.nantes.fr/infonantes/equipement/E4091;"{""coordinates"": [-1.5467950080553918, 47.2170136272343], ""type"": ""Point""}"
1577;1959;La Bugallière;Bibliothèque de la Bugallière;Culture;Médiathèque;Bibliothèque;15 Rue du Pont Marchand;Orvault;44700;02 40 63 54 88;http://www.bibliotheques-orvault.fr/;Oui;;https://metropole.nantes.fr/infonantes/equipement/E1959;"{""coordinates"": [-1.6323838042749341, 47.26163516356515], ""type"": ""Point""}"
1635;2619;Bibliothèque Sautron;Bibliothèque Sautron;Culture;Médiathèque;Bibliothèque;33 Rue de la Vallée;Sautron;44880;02 40 63 52 21;http://bibliotheque.sautron.fr/;Oui;;https://metropole.nantes.fr/infonantes/equipement/E2619;"{""coordinates"": [-1.6732815150011, 47.26461948603315], ""type"": ""Point""}"
2129;4094;Scène Michelet;La Scène Michelet;Culture;Salle de spectacle;;1 Boulevard Henry Orrion;Nantes;44000;06 32 71 31 99;http://www.scenemichelet.com;Non;;;"{""coordinates"": [-1.5568937341033138, 47.232859807635634], ""type"": ""Point""}"
203;148;Porte St Pierre;Porte Saint Pierre;Culture;Monument;;1 Rue de l'Evêché;Nantes;44000;;https://patrimonia.nantes.fr/home/decouvrir/themes-et-quartiers/fouille-porte-saint-pierre.html;Non;;https://metropole.nantes.fr/infonantes/equipement/E148;"{""coordinates"": [-1.5502829723989835, 47.21887765037898], ""type"": ""Point""}"
209;140;Salle Paul Fort;Salle Paul Fort Nantes;Culture;Salle de spectacle;;9 Rue Basse Porte;Nantes;44000;;;Oui;;https://metropole.nantes.fr/infonantes/equipement/E140;"{""coordinates"": [-1.5582783506140678, 47.220884165564605], ""type"": ""Point""}"
223;4096;POL'N;Pôle de compétences culturelles POL'N;Culture;Salle de spectacle;;11 Rue des Olivettes;Nantes;44000;02 51 82 36 71;http://pol-n.org;Non;;https://metropole.nantes.fr/infonantes/equipement/E4096;"{""coordinates"": [-1.5494604168293273, 47.212361862927416], ""type"": ""Point""}"
243;135;Le Grand T;Le Grand T;Culture;Salle de spectacle;;84 Rue Général Buat;Nantes;44000;02 51 88 25 25;http://www.legrandt.fr/;Non;;https://metropole.nantes.fr/infonantes/equipement/E135;"{""coordinates"": [-1.5406932743685942, 47.23079052857761], ""type"": ""Point""}"
299;5320;Théâtre de Belleville;Théâtre de Belleville;Culture;Salle de spectacle;;19 Rue de Belleville;Nantes;44100;02 40 69 62 20;http://ruedebelleville.net/;Non;;https://metropole.nantes.fr/infonantes/equipement/E5320;"{""coordinates"": [-1.5748624901617956, 47.21165997184219], ""type"": ""Point""}"
467;4840;Médiathèque Muséum;Médiathèque du Muséum d'histoire Naturelle;Culture;Médiathèque;Médiathèque;12 Rue Voltaire;Nantes;44000;02 40 41 55 25;;Non;;https://metropole.nantes.fr/infonantes/equipement/E4840;"{""coordinates"": [-1.5649079214671306, 47.21249048678116], ""type"": ""Point""}"
2567;4893;Fontaine Saint-Denis;Fontaine Saint-Denis;Culture;Monument;;Rue de la Côte Saint Denis;Mauves-sur-Loire;44470;;;Non;;;"{""coordinates"": [-1.3918164837719484, 47.294490064926634], ""type"": ""Point""}"
815;1828;Médiathèque Gao-Xingjian;Médiathèque Gao-Xingjian;Culture;Médiathèque;Médiathèque;17 Avenue de l'Angevinière;Saint-Herblain;44800;02 28 25 25 50;http://www.la-bibliotheque.com;Non;;https://metropole.nantes.fr/infonantes/equipement/E1828;"{""coordinates"": [-1.6099836425031715, 47.24472157922401], ""type"": ""Point""}"
1225;1068;Salles d'Expo. Temple du Goût;Salle d'Expositions Temple du Goût;Culture;Salle d'exposition;;30 Rue Kervégan;Nantes;44000;02 40 47 46 44;;Non;;https://metropole.nantes.fr/infonantes/equipement/E1068;"{""coordinates"": [-1.556689047717672, 47.21245162501728], ""type"": ""Point""}"
1319;771;Ludothèque Perray;Ludothèque Perray;Culture;Médiathèque;Ludothèque;7 Rue Frédéric Mistral;Nantes;44300;02 40 49 74 69;;Non;;;"{""coordinates"": [-1.5125894176677988, 47.24718205063761], ""type"": ""Point""}"
1338;1119;Musée Compagnonique;Musée Compagnonique;Culture;Musée, Château;Musée;14 Rue Claude Guillon Verne;Nantes;44100;02 40 69 30 55;;Non;;https://metropole.nantes.fr/infonantes/equipement/E1119;"{""coordinates"": [-1.5828133666680801, 47.20278288735609], ""type"": ""Point""}"
1368;2732;La Chapelaine;Bibliothèque de la Chapelaine;Culture;Médiathèque;Bibliothèque;6 Rue de Sucé;La Chapelle-sur-Erdre;44240;02 40 72 57 70;http://www.lachapelaine.org/bibliotheque/;Non;;https://metropole.nantes.fr/infonantes/equipement/E2732;"{""coordinates"": [-1.548383821872856, 47.30127619696777], ""type"": ""Point""}"
1402;4403;La Machinerie;La Machinerie;Culture;Monument;;57 Rue du Canal;Le Pellerin;44640;02 40 04 65 21;http://www.ville-lepellerin.fr/la-machinerie;Non;;https://metropole.nantes.fr/infonantes/equipement/E4403;"{""coordinates"": [-1.7838947889186398, 47.20797952992868], ""type"": ""Point""}"
1406;2705;Médiathèque Sorinières;Médiathèque Sorinières;Culture;Médiathèque;Médiathèque;13 Rue des Ecoles;Les Sorinières;44840;02 40 04 48 92;https://bibliotheque.ville-sorinieres.fr/;Oui;;https://metropole.nantes.fr/infonantes/equipement/E2705;"{""coordinates"": [-1.5276552137138495, 47.149224787669766], ""type"": ""Point""}"
1683;2717;L'Expression Plurielle;Bibliothèque L'Expression Plurielle;Culture;Médiathèque;Bibliothèque;23 Rue de Mauves;Thouaré-sur-Loire;44470;02 51 85 90 60;https://www.thouare.fr/sortir-se-divertir/bibliotheque/;Oui;;https://metropole.nantes.fr/infonantes/equipement/E2717;"{""coordinates"": [-1.4374150129204697, 47.26883983743119], ""type"": ""Point""}"
1762;3159;Cinéma Vaillant;Cinéma Vaillant;Culture;Cinéma;;12 Rue du Général De Gaulle;Vertou;44120;02 40 34 49 10;http://www.cinevaillant.com/;Non;;https://metropole.nantes.fr/infonantes/equipement/E3159;"{""coordinates"": [-1.4696196343280106, 47.16724613571655], ""type"": ""Point""}"
1782;3152;Halle de La Trocardière;Halle de La Trocardière;Culture;Salle de spectacle;;101 Rue de la Trocardière;Rezé;44400;02 51 70 30 40;http://www.nge-nantes.fr/;Non;;;"{""coordinates"": [-1.57240928222333, 47.181488204437194], ""type"": ""Point""}"
1791;3048;Espace P. Beaulieux;Espace Phelippes Beaulieux;Culture;Salle de spectacle;;21 Rue de la Forêt;Sautron;44880;;;Non;;;"{""coordinates"": [-1.6783770722656988, 47.26506853622232], ""type"": ""Point""}"
1914;2724;Médiathèque V. Jara;Médiathèque Victor Jara;Culture;Médiathèque;Médiathèque;95 Quai Jean-Pierre Fougerat;Couëron;44220;02 40 38 38 38;http://mediatheque.ville-coueron.fr;Oui;;https://metropole.nantes.fr/infonantes/equipement/E2724;"{""coordinates"": [-1.7202546098909115, 47.20886436159505], ""type"": ""Point""}"
2040;3162;La Fleuriaye;Espace Culturel et de Congrès de La Fleuriaye;Culture;Salle de spectacle;;Boulevard Ampère;Carquefou;44470;02 28 22 24 24;http://www.theatre-carquefou.fr/;Oui;Les spectateurs en fauteuil roulant sont invités à se faire connaître lors des réservations de places.;https://metropole.nantes.fr/infonantes/equipement/E3162;"{""coordinates"": [-1.501246648678854, 47.29979320984183], ""type"": ""Point""}"
2091;2553;Bibliothèque;Bibliothèque Mauves sur Loire;Culture;Médiathèque;Bibliothèque;15 Rue du Cellier;Mauves-sur-Loire;44470;02 40 25 05 63;https://bibliotheque.mauvessurloire.fr/;Oui;;https://metropole.nantes.fr/infonantes/equipement/E2553;"{""coordinates"": [-1.392587664950777, 47.297077268449705], ""type"": ""Point""}"
2295;4871;L'Embarcadère;L'Embarcadère;Culture;Salle de spectacle;;Rue Marie Curie;Saint-Sébastien-sur-Loire;44230;02 40 80 86 05;http://www.saintsebastien.fr;Non;;https://metropole.nantes.fr/infonantes/equipement/E4871;"{""coordinates"": [-1.4876802366632296, 47.189746767841264], ""type"": ""Point""}"
2568;2629;Pont;Pont Métallique de Mauves sur Loire;Culture;Monument;;Pont de Mauves-sur-Loire;Mauves-sur-Loire;44470;;;Non;;;"{""coordinates"": [-1.3829881442044174, 47.294163261746654], ""type"": ""Point""}"
2672;2398;Ecluse;Ecluse sur l'Acheneau Bouaye;Culture;Monument;;VM 264;Bouaye;44830;02 40 65 53 55;;Non;;;"{""coordinates"": [-1.6983725471071225, 47.13251493522389], ""type"": ""Point""}"
2743;3505;Pigeonnier du Château;Pigeonnier du Château de Thouaré;Culture;Monument;;Rue de la Saulzaie;Thouaré-sur-Loire;44470;;https://www.thouare.fr/notre-presentation/;Non;;https://metropole.nantes.fr/infonantes/equipement/E3505;"{""coordinates"": [-1.443984075970739, 47.26114559497111], ""type"": ""Point""}"
2801;3122;Barakason;Barakason;Culture;Salle de spectacle;;Allée du Dauphiné;Rezé;44400;02 51 70 78 00;http://www.lasoufflerie.org/;Oui;;https://metropole.nantes.fr/infonantes/equipement/E3122;"{""coordinates"": [-1.5576057506506173, 47.186175900268395], ""type"": ""Point""}"
2846;2710;Médiath. Libre Cour;Libre Cour, la Médiathèque de Vertou;Culture;Médiathèque;Médiathèque;Rue Henri Charpentier;Vertou;44120;02 40 34 88 87;http://librecour.vertou.fr/;Oui;Ascenseur, cheminement contrasté au sol, livres en gros caractères, livres audios;https://metropole.nantes.fr/infonantes/equipement/E2710;"{""coordinates"": [-1.471610892747853, 47.16887308173116], ""type"": ""Point""}"
2969;2639;Château de Maubreuil;Château de Maubreuil;Culture;Musée, Château;Château;Chemin des Gruellières;Carquefou;44470;;;Non;;;"{""coordinates"": [-1.465217595674402, 47.2972725925797], ""type"": ""Point""}"
3295;1247;Le Lieu Unique;Le Lieu Unique Nantes;Culture;Salle de spectacle;;Quai Ferdinand Favre;Nantes;44000;02 40 12 14 34;http://www.lelieuunique.com;Non;;https://metropole.nantes.fr/infonantes/equipement/E1247;"{""coordinates"": [-1.5456662080550758, 47.21526614915121], ""type"": ""Point""}"
3372;4305;Manoir des Renaudières;Manoir des Renaudières;Culture;Salle d'exposition;;Allée des Renaudières;Carquefou;44470;;;Non;;https://metropole.nantes.fr/infonantes/equipement/E4305;"{""coordinates"": [-1.5135245932003443, 47.30022350164505], ""type"": ""Point""}"
3522;3455;Ecluse de Buzay;Ecluse Barrage de Buzay;Culture;Monument;;Routes des Rouzerolles;Le Pellerin;44640;;;Non;;;"{""coordinates"": [-1.8270333155129603, 47.21025591902867], ""type"": ""Point""}"
3689;5804;Espace culturel Adine-Riom;Espace culturel Adine-Riom;Culture;Ecole Culturelle;;Allée George Sand;Le Pellerin;44640;;;Non;;;"{""coordinates"": [-1.7551320663295162, 47.19883260622047], ""type"": ""Point""}"
295;1458;Bibliothèque Joffre;Bibliothèque pour Tous Joffre;Culture;Médiathèque;Bibliothèque;32 Rue Maréchal Joffre;Nantes;44000;;;Non;;;"{""coordinates"": [-1.547457669675384, 47.221832797170016], ""type"": ""Point""}"
359;122;Musée J. Verne;Musée Jules Verne;Culture;Musée, Château;Musée;3 Rue de l'Hermitage;Nantes;44100;02 40 69 72 52;https://julesverne.nantesmetropole.fr/home.html;Oui;Ascenseur;https://metropole.nantes.fr/infonantes/equipement/E122;"{""coordinates"": [-1.5773726976982567, 47.2016013517438], ""type"": ""Point""}"
468;128;Muséum d'Hist. Nat.;Muséum d'Histoire Naturelle;Culture;Musée, Château;Musée;12 Rue Voltaire;Nantes;44000;02 40 41 55 00;https://museum.nantesmetropole.fr;Oui;Rampe d'accès et Ascenseur;https://metropole.nantes.fr/infonantes/equipement/E128;"{""coordinates"": [-1.56483323342002, 47.21266270513517], ""type"": ""Point""}"
483;1457;Bibliothèque Viarme;Bibliothèque pour Tous Viarme;Culture;Médiathèque;Bibliothèque;16 Rue Sarrazin;Nantes;44000;;;Non;;;"{""coordinates"": [-1.5610374398550508, 47.22076218021832], ""type"": ""Point""}"
530;761;Cinéma Katorza;Cinéma Katorza;Culture;Cinéma;;3 Rue Corneille;Nantes;44000;02 51 84 90 60;https://nantes.katorza.fr/;Non;;https://metropole.nantes.fr/infonantes/equipement/E761;"{""coordinates"": [-1.5626959331110404, 47.21363517525037], ""type"": ""Point""}"
537;149;Monument aux Fusillés;Monument aux Fusillés;Culture;Monument;;4 Rue Claude et Simone Millot;Nantes;44300;;;Non;;;"{""coordinates"": [-1.512467348809688, 47.260573364173204], ""type"": ""Point""}"
574;1952;Chateau La Gobinière;Château de La Gobinière;Culture;Musée, Château;Château;37 Avenue de la Ferrière;Orvault;44700;02 51 78 33 33;https://www.orvault.fr/culture-sport-tourisme/culture/expositions;Non;;https://metropole.nantes.fr/infonantes/equipement/E1952;"{""coordinates"": [-1.5845914345449383, 47.24936999410761], ""type"": ""Point""}"
604;1336;Bibliothèque E. Leroux;Bibliothèque Emilienne Leroux;Culture;Médiathèque;Bibliothèque;21 Rue Charles Roger;Nantes;44100;02 40 43 97 67;bibliotheque-emilienne-leroux-nantes.blogspot.com;Non;;https://metropole.nantes.fr/infonantes/equipement/E1336;"{""coordinates"": [-1.597650517536002, 47.22306972257506], ""type"": ""Point""}"
630;11;Bibliothèque Breil Malville;Bibliothèque Breil Malville;Culture;Médiathèque;Bibliothèque;37B Rue des Plantes;Nantes;44100;02 40 76 06 56;http://bm.nantes.fr;Non;;https://metropole.nantes.fr/infonantes/equipement/E11;"{""coordinates"": [-1.5861075683775543, 47.23303484540982], ""type"": ""Point""}"
698;2628;Moulin Gautron;Centre d'Expression et de Créativité du Moulin Gautron;Culture;Salle de spectacle;;9 Rue de l'Industrie;Vertou;44120;02 40 33 09 00;http;Non;;;"{""coordinates"": [-1.4822276503689396, 47.16646536132112], ""type"": ""Point""}"
3048;3895;Médiathèque;Médiathèque George Sand;Culture;Médiathèque;Médiathèque;Allée George Sand;Le Pellerin;44640;02 51 79 81 90;https://mediatheque.ville-lepellerin.fr/;Oui;;https://metropole.nantes.fr/infonantes/equipement/E3895;"{""coordinates"": [-1.755232158473431, 47.19880601092379], ""type"": ""Point""}"
3221;124;Château Grand Blottereau;Château du Parc du Grand Blottereau;Culture;Monument;;Boulevard Auguste Péneau;Nantes;44300;02 40 49 39 98;;Non;;https://metropole.nantes.fr/infonantes/equipement/E124;"{""coordinates"": [-1.510670776864137, 47.226190434645375], ""type"": ""Point""}"
3246;4174;Notes En Stock;Ecole de Musique Notes En Stock;Culture;Ecole Culturelle;;Rue Hippolyte Derouet;Les Sorinières;44840;;http://musique.notesenstock.free.fr/;Non;;;"{""coordinates"": [-1.523304176639715, 47.147736209356836], ""type"": ""Point""}"
3249;2744;E. Bertreux;Médiathèque Edmond Bertreux;Culture;Médiathèque;Médiathèque;Rue du Quatorze Juillet;Saint-Jean-de-Boiseau;44640;02 40 32 97 31;http://www.mediatheque-saintjeandeboiseau.net;Oui;;https://metropole.nantes.fr/infonantes/equipement/E2744;"{""coordinates"": [-1.7237129068693517, 47.194150409301805], ""type"": ""Point""}"
3318;4190;Chateau Le Plessis;Chateau Le Plessis;Culture;Monument;;Voie Non Dénommée 0240909;Brains;44830;;;Non;;;"{""coordinates"": [-1.720724370581957, 47.16240245217316], ""type"": ""Point""}"
3344;2090;Médiathèque Condorcet;Médiathèque Condorcet;Culture;Médiathèque;Médiathèque;Square Pablo Neruda;Bouguenais;44340;02 40 32 04 54;http://www.mediatheque-bouguenais.fr;Non;;https://metropole.nantes.fr/infonantes/equipement/E2090;"{""coordinates"": [-1.6222728944425422, 47.17040567394568], ""type"": ""Point""}"
1068;1427;M. de la Poésie;Maison de la Poésie Nantes;Culture;Salle de spectacle;;2 Rue des Carmes;Nantes;44000;02 40 69 22 32;;Non;;;"{""coordinates"": [-1.554937382712694, 47.215840779904426], ""type"": ""Point""}"
1132;4353;JAM;JAM Jeunes Artistes de Mazaire - scène de musiques amplifiées;Culture;Salle de spectacle;;58 Avenue de Beauregard;La Chapelle-sur-Erdre;44240;02 51 81 87 23;http://www.lejam.fr;Non;;https://metropole.nantes.fr/infonantes/equipement/E4353;"{""coordinates"": [-1.5563990038258884, 47.296415889705955], ""type"": ""Point""}"
1603;3574;L'Odyssée;Salle l'Odyssée;Culture;Salle de spectacle;;1 Route de Basse Indre;Orvault;44700;02 51 78 37 50;http://www.odyssee.orvault.fr;Non;;https://metropole.nantes.fr/infonantes/equipement/E3574;"{""coordinates"": [-1.6226223499723411, 47.261310023789214], ""type"": ""Point""}"
1661;3579;Le Labo 188;Le Labo 188;Culture;Ecole Culturelle;;Rue des Carnavaliers;Nantes;44300;06 71 90 59 03;http://www.studiovbs.com/;Non;;;"{""coordinates"": [-1.5143956087503927, 47.23671795403276], ""type"": ""Point""}"
1665;1455;Bibliothèque Beaulieu;Bibliothèque pour Tous Beaulieu;Culture;Médiathèque;Bibliothèque;12 Rue Anatole de Monzie;Nantes;44200;02 40 35 50 63;;Non;;;"{""coordinates"": [-1.5417239315241076, 47.20344778618085], ""type"": ""Point""}"
1717;689;Bibliothèque Boissière;Bibliothèque Boissière;Culture;Médiathèque;Bibliothèque;9B Rue Jean De La Bruyère;Nantes;44300;02 40 76 96 85;;Non;;;"{""coordinates"": [-1.5674416768208006, 47.25442417843884], ""type"": ""Point""}"
1763;130;Musée d'arts;Musée d'arts de Nantes;Culture;Musée, Château;Musée;10 Rue Georges Clemenceau;Nantes;44000;02 51 17 45 00;https://museedartsdenantes.nantesmetropole.fr/home.html;Oui;Ascenseur;https://metropole.nantes.fr/infonantes/equipement/E130;"{""coordinates"": [-1.547389249527023, 47.219591428369974], ""type"": ""Point""}"
1891;151;C. Chorégraphique J. Garnier;Centre Chorégraphique National de Nantes, J. Garnier;Culture;Salle de spectacle;;23 Rue Noire;Nantes;44000;02 40 93 30 97;http://www.ccnnantes.fr/;Oui;;https://metropole.nantes.fr/infonantes/equipement/E151;"{""coordinates"": [-1.5626826529532805, 47.22593933427184], ""type"": ""Point""}"
1923;942;Ludothèque Bout des Landes;Ludothèque Bout des Landes;Culture;Médiathèque;Ludothèque;12 Rue de Concarneau;Nantes;44300;02 51 83 61 71;https://www.accoord.fr//nc_centre/csc-bout-des-landes/;Non;;https://metropole.nantes.fr/infonantes/equipement/E942;"{""coordinates"": [-1.5781132067037933, 47.26608533076936], ""type"": ""Point""}"
2071;2599;Ligéria;Ligéria;Culture;Salle de spectacle;;80 Rue de la Loire;Sainte-Luce-sur-Loire;44980;02 40 68 16 36;http://www.sainte-luce-loire.com;Oui;;https://metropole.nantes.fr/infonantes/equipement/E2599;"{""coordinates"": [-1.4837794961919422, 47.24316733668169], ""type"": ""Point""}"
2553;1912;Cinéma UGC Ciné Cité Atlantis;Cinéma UGC Ciné Cité Atlantis;Culture;Cinéma;;Place Jean Bart;Saint-Herblain;44800;08 92 70 00 00;http://www.ugc.fr/;Oui;;https://metropole.nantes.fr/infonantes/equipement/E1912;"{""coordinates"": [-1.62745927681567, 47.22373558804817], ""type"": ""Point""}"
2654;4189;Chateau de la Sauvagerie;Chateau de la Sauvagerie;Culture;Monument;;Voie Non Dénommée 0240907;Brains;44830;;;Non;;;"{""coordinates"": [-1.716234655580225, 47.16499484627204], ""type"": ""Point""}"
2956;2393;Maison Radieuse;La Maison Radieuse Le Corbusier;Culture;Monument;;Boulevard Le Corbusier;Rezé;44400;02 40 84 43 60;http://www.maisonradieuse.org/;Non;;https://metropole.nantes.fr/infonantes/equipement/E2393;"{""coordinates"": [-1.568308023017545, 47.18882485241529], ""type"": ""Point""}"
